-- The password for the following users is stored in the "Goldflam Shared" Keepass vault
-- as this SQL script is also used to set up the staging server and therefore needs to have secure passwords.
INSERT IGNORE INTO kinsecta.user (id, username, password, email, full_name, role, status)
VALUES (1, 't.fischer', '$2a$10$JVO.UyIHiINv0YpVHYnq0O389FMDQWZZZqSN8d0pX7N0pbEcholX.', 't.fischer@goldflam.de', 'Tobias Fischer', 'ADMIN', 'ACTIVE'),
       (2, 'f.rossiar', '$2a$10$JVO.UyIHiINv0YpVHYnq0O389FMDQWZZZqSN8d0pX7N0pbEcholX.', 'f.rossiar@goldflam.de', 'Florian Rossiar', 'ADMIN', 'ACTIVE'),
       (3, 'f.koeninger', '$2a$10$JVO.UyIHiINv0YpVHYnq0O389FMDQWZZZqSN8d0pX7N0pbEcholX.', 'f.koeninger@goldflam.de', 'Fabian Köninger', 'ADMIN', 'ACTIVE'),
       (4, 'a.goldflam', '$2a$10$JVO.UyIHiINv0YpVHYnq0O389FMDQWZZZqSN8d0pX7N0pbEcholX.', 'a.goldflam@goldflam.de', 'Andre Goldflam', 'ADMIN', 'ACTIVE');


-- Initial sensor_location dump
INSERT IGNORE INTO kinsecta.sensor_location (id, name, postcode, city, latitude, longitude, gps_masked)
VALUES (1, 'Berliner Hochschule für Technik (BHT)', 13353, 'Berlin', 52.543762, 13.352350, 0),
       (2, 'Berliner Hochschule für Technik (BHT)|Forum Seestraße', 13347, 'Berlin', 52.553867, 13.359412, 0),
       (3, 'Umweltbildungszentrum Listhof #1', 72770, 'Reutlingen', 48.474556, 9.174845, 0),
       (4, 'Umweltbildungszentrum Listhof #2', 72770, 'Reutlingen', 48.474456, 9.174745, 0),
       (5, 'Umweltbildungszentrum Listhof #3', 72770, 'Reutlingen', 48.474193, 9.173823, 0),
       (6, 'Umweltbildungszentrum Listhof #4', 72770, 'Reutlingen', 48.474193, 9.173723, 0),
       (7, 'Grünes Klassenzimmer auf dem Friedhof', 10405, 'Berlin', 52.529953, 13.42313, 1),
       (8, 'Landesgartenschau Beelitz|Grünes Klassenzimmer', 14547, 'Beelitz', 52.229372, 12.96806, 1),
       (9, 'Versuchsfeld JKI bei Dahnsdorf', 14806, 'Planetal', 52.11272, 12.63583, 1);

-- Initial sensor dump
INSERT IGNORE INTO kinsecta.sensor (id, operator, sensor_location_id, hardware_platform, os, camera_type, wingbeat_sensor_type, bokeh_version)
VALUES (1, 6, 1, 'Raspberry Pi 4 Model B', 'Raspbian GNU/Linux 10 (buster)', 'Sony IMX477', 'Wingbeat Sensor V2.0', 'V2.0'),
       (2, 5, 2, 'Raspberry Pi 4 Model B', 'Raspbian GNU/Linux 10 (buster)', 'Sony IMX477', 'Wingbeat Sensor V2.0', 'V2.0'),
       (3, 12, 3, 'Raspberry Pi 4 Model B', 'Raspbian GNU/Linux 10 (buster)', 'Sony IMX477', 'Wingbeat Sensor V2.0', 'V2.0'),
       (4, 12, 4, 'Raspberry Pi 4 Model B', 'Raspbian GNU/Linux 10 (buster)', 'Sony IMX477', 'Wingbeat Sensor V2.0', 'V2.0'),
       (5, 10, 5, 'Raspberry Pi 4 Model B', 'Raspbian GNU/Linux 10 (buster)', 'Sony IMX477', 'Wingbeat Sensor V2.0', 'V2.0'),
       (6, 10, 6, 'Raspberry Pi 4 Model B', 'Raspbian GNU/Linux 10 (buster)', 'Sony IMX477', 'Wingbeat Sensor V2.0', 'V2.0'),
       (7, 6, 7, 'Raspberry Pi 4 Model B', 'Raspbian GNU/Linux 10 (buster)', 'Sony IMX477', 'Wingbeat Sensor V2.0', 'V2.0'),
       (8, 5, 8, 'Raspberry Pi 4 Model B', 'Raspbian GNU/Linux 10 (buster)', 'Sony IMX477', 'Wingbeat Sensor V2.0', 'V2.0'),
       (9, 14, 9, 'Raspberry Pi 4 Model B', 'Raspbian GNU/Linux 10 (buster)', 'Sony IMX477', 'Wingbeat Sensor V2.0', 'V2.0');

-- Initial insect_order dump
INSERT IGNORE INTO kinsecta.insect_order (id, name, gbif_id)
VALUES (1, 'Hymenoptera', 1457),
       (2, 'Lepidoptera', 797),
       (3, 'Mecoptera', 1000),
       (4, 'Neuroptera', 1501),
       (5, 'Hemiptera', 809),
       (6, 'Diptera', 811),
       (7, 'Coleoptera', 1470);

-- Initial insect_family dump
INSERT IGNORE INTO kinsecta.insect_family (id, order_id, name, gbif_id)
VALUES (1, 1, 'Apidae', 4334),
       (2, 1, 'Megachilidae', 7911),
       (3, 1, 'Colletidae', 7905),
       (4, 1, 'Andrenidae', 7901),
       (5, 1, 'Melittidae', 4345),
       (6, 1, 'Sphecidae', 4352),
       (7, 1, 'Crabronidae', 7906),
       (8, 1, 'Vespidae', 4490),
       (9, 1, 'Pompilidae', 7913),
       (10, 1, 'Chrysididae', 7903),
       (11, 1, 'Eumenidae', 4240),
       (12, 2, 'Pyralidae', 5336),
       (13, 3, 'Panorpidae', 7925),
       (14, 4, 'Chrysopidae', 9265),
       (15, 5, 'Pyrrhocoridae', 7895),
       (16, 5, 'Pentatomidae', 9650),
       (17, 5, 'Coreidae', 9649),
       (18, 1, 'Formicidae', 4342),
       (19, 6, 'Syrphidae', 6920),
       (20, 6, 'Tachinidae', 6918),
       (21, 6, 'Calliphoridae', 3335),
       (22, 6, 'Drosophilidae', 5547),
       (23, 6, 'Bombyliidae', 7285),
       (24, 6, 'Biblionidae', 11126326),
       (25, 7, 'Cetoniidae', 4204),
       (26, 7, 'Chrysomelidae', 7780),
       (27, 7, 'Coccinellidae', 7782),
       (28, 7, 'Melolonthidae', 5593),
       (29, 7, 'Geotrupidae', 8495),
       (30, 7, 'Carabidae', 3792),
       (31, 6, 'Tabanidae', 6919);

-- Initial insect_genus dump
INSERT IGNORE INTO kinsecta.insect_genus (id, family_id, name, gbif_id)
VALUES (1, 1, 'Apis', 1334757),
       (2, 2, 'Osmia', 1337664),
       (3, 2, 'Hoplitis', 1336906),
       (4, 2, 'Chelostoma', 1334476),
       (5, 2, 'Heriades', 1336750),
       (6, 2, 'Stelis', 1334181),
       (7, 2, 'Megachile', 1335011),
       (8, 2, 'Coelioxys', 1338333),
       (9, 3, 'Hylaeus', 1349360),
       (10, 1, 'Amegilla', 1339775),
       (11, 2, 'Anthidium', 1334798),
       (12, 3, 'Colletes', 1348504),
       (13, 4, 'Andrena', 1345710),
       (14, 5, 'Melitta', 1345736),
       (15, 1, 'Xylocopa', 1342048),
       (16, 6, 'Isodontia', 1346861),
       (17, 7, 'Trypoxylon', 4298296),
       (18, 7, 'Passaloecus', 4298321),
       (19, 8, 'Ancistrocerus', 1311332),
       (20, 9, 'Dipogon', 3259132),
       (21, 8, 'Odynerus', 10502292),
       (22, 10, 'Chrysura', 4407791),
       (23, 1, 'Bombus', 1340278),
       (24, 8, 'Vespa', 1311334),
       (25, 8, 'Vespula', 1311631),
       (26, 11, 'Polistes', 1310500),
       (27, 8, 'Dolichovespula', 1311794),
       (28, 12, 'Plodia', 1873074),
       (29, 13, 'Panorpa', 1031814),
       (30, 14, 'Chrysoperla', 2105310),
       (31, 15, 'Pyrrhocoris', 4407618),
       (32, 16, 'Graphosoma', 4405318),
       (33, 16, 'Palomena', 4406712),
       (34, 17, 'Leptoglossus', 2050115),
       (35, 17, 'Coreus', 2049958),
       (36, 18, 'Formica', 1314840),
       (37, 18, 'Myrmica', 1318775),
       (38, 18, 'Lasius', 1325751),
       (39, 18, 'Camponotus', 1312361),
       (40, 19, 'Syrphus', 1444606),
       (41, 19, 'Pipiza', 1536264),
       (42, 19, 'Scaeva', 1537685),
       (43, 19, 'Meliscaeva', 1535495),
       (44, 19, 'Leucozona', 1536498),
       (45, 19, 'Rhingia', 1537399),
       (46, 19, 'Baccha', 1536538),
       (47, 19, 'Melanostoma', 1533169),
       (48, 19, 'Neoascia', 1536777),
       (49, 19, 'Volucella', 1483491),
       (50, 20, 'Tachina', 1470805),
       (51, 20, 'Sarcophaga', 1463100),
       (52, 21, 'Calliphora', 1502535),
       (53, 22, 'Drosophila', 1522683),
       (54, 20, 'Musca', 8097933),
       (55, 19, 'Eristalis', 1491190),
       (56, 19, 'Episyrphus', 1536427),
       (57, 23, 'Bombylius', 1500120),
       (58, 24, 'Bibio', 1543369),
       (59, 25, 'Cetonia', 1050095),
       (60, 26, 'Leptinotarsa', 7587586),
       (61, 26, 'Chrysomela', 1048762),
       (62, 26, 'Lilioceris', 1048808),
       (63, 27, 'Coccinella', 1043502),
       (64, 27, 'Adalia', 1043096),
       (65, 27, 'Cryptolaemus', 1043716),
       (66, 27, 'Harmonia', 1043111),
       (67, 28, 'Melolontha', 4990942),
       (68, 28, 'Amphimallon', 7521030),
       (69, 29, 'Geotrupes', 4994125),
       (70, 29, 'Sericotrupes', 1071265),
       (71, 29, 'Anoplotrupes', 1071236),
       (72, 30, 'Carabus', 1036775),
       (73, 30, 'Harpalus', 1035821),
       (74, 21, 'Lucilia', 1502875),
       (75, 31, 'Tabanus', 1444264),
       (76, 31, 'Haematopota', 1495261),
       (77, 31, 'Chrysops', 1497045);

-- Initial insect_species dump
INSERT IGNORE INTO kinsecta.insect_species (id, genus_id, name, gbif_id)
VALUES (1, 1, 'Apis mellifera', 1341976),
       (2, 2, 'Osmia rufa', 5039314),
       (3, 2, 'Osmia caerulescens', 5039096),
       (4, 2, 'Osmia brevicornis', 5039166),
       (5, 3, 'Hoplitis adunca', 1337092),
       (6, 2, 'Osmia florisomnis', 9295353),
       (7, 4, 'Chelostoma rapunculi', 1334493),
       (8, 5, 'Heriades truncorum', 1336802),
       (9, 6, 'Stelis breviuscula', 1334278),
       (10, 7, 'Megachile rotundata', 1335648),
       (11, 8, 'Coelioxys echinata', 1338442),
       (12, 7, 'Megachile ericetorum', 1335321),
       (13, 8, 'Coelioxys aurolimbata', 1338640),
       (14, 4, 'Chelostoma campanularum', 1334499),
       (15, 2, 'Osmia leaiana', 5039039),
       (16, 7, 'Megachile versicolor', 1336116),
       (17, 7, 'Megachile willughbiella', 1335556),
       (18, 9, 'Hylaeus communis', 1349795),
       (19, 10, 'Amegilla atrocincta', 1339951),
       (20, 11, 'Anthidium manicatum', 1334821),
       (21, 12, 'Colletes daviesanus', 1348620),
       (22, 13, 'Andrena flavipes', 1357156),
       (23, 14, 'Melitta leporina', 5040875),
       (24, 15, 'Xylocopa violacea', 1342108),
       (25, 16, 'Isodontia mexicana', 1346919),
       (26, 17, 'Trypoxylon figulus', 9711771),
       (27, 18, 'Passaloecus eremita', 4494295),
       (28, 19, 'Ancistrocerus melanocerus', 5037317),
       (29, 20, 'Dipogon bifasciatus', 8703749),
       (30, 21, 'Odynerus spinipes', 1329873),
       (31, 22, 'Chrysura austriaca', 4493809),
       (32, 23, 'Bombus terrestris', 1340503),
       (33, 23, 'Bombus lapidarius', 1340301),
       (34, 23, 'Bombus barbutellus', 1340434),
       (35, 23, 'Bombus vestalis', 1340418),
       (36, 23, 'Bombus campestris', 1340527),
       (37, 23, 'Bombus rupestris', 1340344),
       (38, 23, 'Bombus muscorum', 1340286),
       (39, 23, 'Bombus ruderarius', 1340394),
       (40, 23, 'Bombus sylvarum', 1340342),
       (41, 23, 'Bombus pratorum', 1340305),
       (42, 24, 'Vespa crabro', 1311527),
       (43, 25, 'Vespula vulgaris', 1311671),
       (44, 25, 'Vespula germanica', 1311649),
       (45, 26, 'Polistes dominula', 5871389),
       (46, 25, 'Vespula austriaca', 1311651),
       (47, 25, 'Vespula rufa', 1311676),
       (48, 27, 'Dolichovespula media', 1311838),
       (49, 27, 'Dolichovespula saxonica', 1311805),
       (50, 27, 'Dolichovespula sylvestris', 1311798),
       (51, 26, 'Polistes gallicus', 1310622),
       (52, 27, 'Dolichovespula adulterina', 1311825),
       (53, 24, 'Vespa velutina', 1311477),
       (54, 27, 'Dolichovespula norwegica', 1311831),
       (55, 27, 'Dolichovespula omissa', 1311797),
       (56, 28, 'Plodia interpunctella', 1873079),
       (57, 29, 'Panorpa communis', 5742495),
       (58, 30, 'Chrysoperla carnea', 2105360),
       (59, 31, 'Pyrrhocoris apterus', 4486826),
       (60, 32, 'Graphosoma lineatum', 4485729),
       (61, 33, 'Palomena prasina', 4485776),
       (62, 34, 'Leptoglossus occidentalis', 5156102),
       (63, 35, 'Coreus marginatus', 4388646),
       (64, 36, 'Formica rufa', 1315132),
       (65, 37, 'Myrmica rubra', 1318874),
       (66, 37, 'Myrmica ruginodis', 1318848),
       (67, 38, 'Lasius niger', 5035785),
       (68, 38, 'Lasius flavus', 5035857),
       (69, 39, 'Camponotus ligniperdus', 1312367),
       (70, 39, 'Camponotus herculeanus', 1312773),
       (71, 40, 'Syrphus ribesii', 1537266),
       (72, 40, 'Syrphus torvus', 1537245),
       (73, 40, 'Syrphus vitripennis', 1537212),
       (74, 41, 'Pipiza quadrimaculata', 1536289),
       (75, 42, 'Scaeva pyrastri', 1537719),
       (76, 42, 'Scaeva selenitica', 1537717),
       (77, 43, 'Meliscaeva auricollis', 1535529),
       (78, 43, 'Meliscaeva cinctella', 1535521),
       (79, 44, 'Leucozona lucorum', 5071172),
       (80, 45, 'Rhingia campestris', 1537412),
       (81, 46, 'Baccha elongata', 1536559),
       (82, 47, 'Melanostoma mellinum', 5766554),
       (83, 47, 'Melanostoma scalare', 5766556),
       (84, 48, 'Neoascia podagrica', 1536796),
       (85, 49, 'Volucella bombylans', 1541763),
       (86, 49, 'Volucella zonaria', 1541832),
       (87, 49, 'Volucella pellucens', 1541799),
       (88, 49, 'Volucella inanis', 1541740),
       (89, 50, 'Tachina fera', 5978844),
       (90, 51, 'Sarcophaga carnaria', 4518735),
       (91, 52, 'Calliphora vicina', 1502577),
       (92, 53, 'Drosophila melanogaster', 11195063),
       (93, 54, 'Musca domestica', 1524843),
       (94, 55, 'Eristalis tenax', 1541217),
       (95, 56, 'Episyrphus balteatus', 1536449),
       (96, 57, 'Bombylius major', 1670212),
       (97, 58, 'Bibio marci', 1590998),
       (98, 59, 'Cetonia aurata', 1077829),
       (99, 60, 'Leptinotarsa decemlineata', 1047536),
       (100, 61, 'Chrysomela populi', 4459737),
       (101, 62, 'Lilioceris lilii', 1048809),
       (102, 63, 'Coccinella septempunctata', 4990191),
       (103, 64, 'Adalia bipunctata', 1043097),
       (104, 65, 'Cryptolaemus montrouzieri', 1043717),
       (105, 66, 'Harmonia axyridis', 4989904),
       (106, 67, 'Melolontha melolontha', 4990995),
       (107, 67, 'Melolontha hippocastani', 4991026),
       (108, 68, 'Amphimallon solstitiale', 1063891),
       (109, 69, 'Geotrupes stercorarius', 4994132),
       (110, 70, 'Sericotrupes niger', 1071266),
       (111, 69, 'Geotrupes mutator', 4994160),
       (112, 71, 'Anoplotrupes stercorosus', 1071240),
       (113, 72, 'Carabus auratus', 1036779),
       (114, 73, 'Harpalus rufipes', 9198953),
       (128, 74, 'Lucilia sericata', 5063973),
       (129, 75, 'Tabanus sudeticus', 1500013),
       (130, 76, 'Haematopota pluvialis', 1495562),
       (131, 75, 'Tabanus bromius', 11219325),
       (132, 77, 'Chrysops caecutiens', 1497483);
